2025-12-28 22:39:16,batch_02,0.33,0.79,v1.0.0,N,-,-
2025-12-28 22:39:29,batch_02,0.33,0.79,v1.0.0,N,-,-
2025-12-28 22:40:44,batch_01,0.011115029369011391,0.9837837837837838,v1.0.0,N,-,-
2025-12-28 22:40:45,batch_02,0.32937116992699944,0.7927927927927928,v1.0.0,N,-,-
2025-12-28 22:40:45,batch_03,0.375297838247753,0.7368421052631579,v1.0.0,N,-,-
2025-12-28 22:40:45,batch_04,0.3814892155903412,0.6037735849056604,v1.0.0,N,-,-
2025-12-28 22:40:45,batch_05,0.4316898590077357,0.5853658536585366,v1.0.0,N,-,-
2025-12-28 22:40:45,batch_06,0.46461478274718626,0.6571428571428571,v1.0.0,N,-,-
2025-12-28 22:40:45,batch_07,0.7370123671708154,0.5882352941176471,v1.0.0,N,-,-
2025-12-28 22:40:46,batch_08,0.7861060796156777,0.7547169811320755,v1.0.0,N,-,-
2025-12-28 22:40:46,batch_09,0.7765894742392215,0.6987951807228916,v1.0.0,N,-,-
2025-12-28 22:40:46,batch_10,0.7892777557806652,0.42424242424242425,v1.0.0,N,-,-
2025-12-28 22:44:26,batch_01,0.011115029369011391,0.9837837837837838,v1.0.0,N,-,-
2025-12-28 22:44:27,batch_02,0.32937116992699944,0.7927927927927928,v1.0.0,N,-,-
2025-12-28 22:44:27,batch_03,0.375297838247753,0.7368421052631579,v1.0.0,N,-,-
2025-12-28 22:45:20,batch_04,0.3814892155903412,0.6037735849056604,v1.1.0,Y,performance,v1.1.0
2025-12-28 22:46:13,batch_05,0.4316898590077357,0.5853658536585366,v1.1.0,Y,performance,v1.1.0
2025-12-28 22:47:06,batch_06,0.46461478274718626,0.6571428571428571,v1.1.0,Y,performance,v1.1.0
2025-12-28 22:47:59,batch_07,0.7370123671708154,0.5882352941176471,v1.1.0,Y,drift,v1.1.0
2025-12-28 22:48:52,batch_08,0.7861060796156777,0.7547169811320755,v1.1.0,Y,drift,v1.1.0
2025-12-28 22:49:44,batch_09,0.7765894742392215,0.6987951807228916,v1.1.0,Y,drift,v1.1.0
2025-12-28 22:50:37,batch_10,0.7892777557806652,0.42424242424242425,v1.1.0,Y,drift,v1.1.0
2025-12-28 22:53:00,batch_01,0.011115029369011391,0.9837837837837838,v1.0.0,N,-,-
2025-12-28 22:53:00,batch_02,0.32937116992699944,0.7927927927927928,v1.0.0,N,-,-
2025-12-28 22:53:00,batch_03,0.375297838247753,0.7368421052631579,v1.0.0,N,-,-
2025-12-28 22:53:53,batch_04,0.3814892155903412,0.6037735849056604,v1.1.0,Y,performance,v1.1.0
2025-12-28 22:54:46,batch_05,0.4316898590077357,0.5853658536585366,v1.1.0,Y,performance,v1.1.0
2025-12-28 22:55:39,batch_06,0.46461478274718626,0.6571428571428571,v1.1.0,Y,performance,v1.1.0
2025-12-28 22:56:33,batch_07,0.7370123671708154,0.5882352941176471,v1.1.0,Y,drift,v1.1.0
2025-12-28 22:57:41,batch_01,0.011115029369011391,0.9837837837837838,v1.1.0,N,-,-
2025-12-28 22:57:42,batch_02,0.32937116992699944,0.7927927927927928,v1.1.0,N,-,-
2025-12-28 22:57:42,batch_03,0.375297838247753,0.7368421052631579,v1.1.0,N,-,-
2025-12-28 22:58:35,batch_04,0.3814892155903412,0.6037735849056604,v1.1.0,Y,performance,v1.1.0
2025-12-28 22:59:28,batch_05,0.4316898590077357,0.5853658536585366,v1.1.0,Y,performance,v1.1.0
2025-12-28 23:00:22,batch_06,0.46461478274718626,0.6571428571428571,v1.1.0,Y,performance,v1.1.0
2025-12-28 23:01:16,batch_07,0.7370123671708154,0.5882352941176471,v1.1.0,Y,drift,v1.1.0
2025-12-28 23:01:56,batch_01,0.011115029369011391,0.9837837837837838,v1.1.0,N,-,-
2025-12-28 23:01:56,batch_02,0.32937116992699944,0.7927927927927928,v1.1.0,N,-,-
2025-12-28 23:01:56,batch_03,0.375297838247753,0.7368421052631579,v1.1.0,N,-,-
2025-12-28 23:02:50,batch_04,0.3814892155903412,0.6037735849056604,v1.1.0,Y,performance,v1.1.0
2025-12-28 23:03:43,batch_05,0.4316898590077357,0.5853658536585366,v1.1.0,Y,performance,v1.1.0
2025-12-28 23:04:36,batch_06,0.46461478274718626,0.6571428571428571,v1.1.0,Y,performance,v1.1.0
2025-12-28 23:05:29,batch_07,0.7370123671708154,0.5882352941176471,v1.1.0,Y,drift,v1.1.0
2025-12-28 23:06:22,batch_08,0.7861060796156777,0.7547169811320755,v1.1.0,Y,drift,v1.1.0
2025-12-28 23:07:15,batch_09,0.7765894742392215,0.6987951807228916,v1.1.0,Y,drift,v1.1.0
2025-12-28 23:08:07,batch_10,0.7892777557806652,0.42424242424242425,v1.1.0,Y,drift,v1.1.0
2025-12-28 23:10:21,batch_01,0.011115029369011391,0.9837837837837838,v1.1.0,N,-,-
2025-12-28 23:10:21,batch_02,0.32937116992699944,0.7927927927927928,v1.1.0,N,-,-
2025-12-28 23:10:21,batch_03,0.375297838247753,0.7368421052631579,v1.1.0,N,-,-
